[{"company":"Skinte","position":"Senior Financial Analyst","jobLocation":"Tonshayevo","jobStatus":"pending","jobType":"internship","createdAt":"2022-09-25T00:02:40Z"},
{"company":"Livefish","position":"VP Marketing","jobLocation":"Vale de Açores","jobStatus":"declined","jobType":"internship","createdAt":"2023-04-16T22:34:17Z"},
{"company":"Demimbu","position":"Administrative Officer","jobLocation":"Palmar de Varela","jobStatus":"interview","jobType":"internship","createdAt":"2022-10-15T07:44:21Z"},
{"company":"Gigashots","position":"Account Representative III","jobLocation":"Jazovo","jobStatus":"pending","jobType":"part-time","createdAt":"2023-04-25T18:44:34Z"},
{"company":"Feedspan","position":"Automation Specialist IV","jobLocation":"Botoh","jobStatus":"interview","jobType":"full-time","createdAt":"2023-07-07T09:29:32Z"},
{"company":"Camimbo","position":"Accountant III","jobLocation":"Tsapêraī","jobStatus":"declined","jobType":"full-time","createdAt":"2023-04-04T08:46:19Z"},
{"company":"Avamm","position":"Financial Analyst","jobLocation":"Kobe","jobStatus":"interview","jobType":"part-time","createdAt":"2022-09-19T06:17:02Z"},
{"company":"Dynazzy","position":"Junior Executive","jobLocation":"Uliastay","jobStatus":"declined","jobType":"full-time","createdAt":"2023-03-17T16:19:19Z"},
{"company":"Youspan","position":"Assistant Media Planner","jobLocation":"Mumias","jobStatus":"interview","jobType":"full-time","createdAt":"2023-01-16T05:28:12Z"},
{"company":"Shuffletag","position":"VP Sales","jobLocation":"Quangang","jobStatus":"interview","jobType":"internship","createdAt":"2022-08-31T08:58:00Z"},
{"company":"Npath","position":"Desktop Support Technician","jobLocation":"Arzakan","jobStatus":"interview","jobType":"internship","createdAt":"2023-06-06T10:08:31Z"},
{"company":"Meevee","position":"Analyst Programmer","jobLocation":"Pršovce","jobStatus":"declined","jobType":"full-time","createdAt":"2023-06-05T05:51:02Z"},
{"company":"Meembee","position":"Office Assistant IV","jobLocation":"Radashkovichy","jobStatus":"pending","jobType":"full-time","createdAt":"2023-04-11T20:20:22Z"},
{"company":"Twitternation","position":"Speech Pathologist","jobLocation":"Agen","jobStatus":"declined","jobType":"part-time","createdAt":"2023-02-18T07:00:55Z"},
{"company":"Meejo","position":"Pharmacist","jobLocation":"Deshan","jobStatus":"pending","jobType":"internship","createdAt":"2023-02-02T04:00:43Z"},
{"company":"Wikizz","position":"Safety Technician IV","jobLocation":"Ube","jobStatus":"pending","jobType":"part-time","createdAt":"2022-11-05T09:32:23Z"},
{"company":"Muxo","position":"Senior Developer","jobLocation":"São Sepé","jobStatus":"interview","jobType":"internship","createdAt":"2023-05-03T04:09:56Z"},
{"company":"Meevee","position":"Actuary","jobLocation":"Manturovo","jobStatus":"interview","jobType":"part-time","createdAt":"2023-05-24T07:55:12Z"},
{"company":"Eadel","position":"Quality Control Specialist","jobLocation":"San Antonio","jobStatus":"interview","jobType":"internship","createdAt":"2022-12-03T20:21:49Z"},
{"company":"Mydo","position":"Physical Therapy Assistant","jobLocation":"Madīnat ash Shamāl","jobStatus":"pending","jobType":"part-time","createdAt":"2023-02-28T23:10:51Z"},
{"company":"Oba","position":"Social Worker","jobLocation":"Quinta dos Frades","jobStatus":"interview","jobType":"internship","createdAt":"2022-11-24T15:12:17Z"},
{"company":"Photobug","position":"Payment Adjustment Coordinator","jobLocation":"Chengdong","jobStatus":"pending","jobType":"full-time","createdAt":"2023-04-05T23:51:36Z"},
{"company":"Quimm","position":"Structural Engineer","jobLocation":"Strasbourg","jobStatus":"pending","jobType":"part-time","createdAt":"2022-09-26T20:00:08Z"},
{"company":"Flashdog","position":"Senior Editor","jobLocation":"Wilmington","jobStatus":"declined","jobType":"full-time","createdAt":"2023-02-19T17:59:12Z"},
{"company":"Fatz","position":"Help Desk Technician","jobLocation":"Verona","jobStatus":"pending","jobType":"part-time","createdAt":"2022-07-12T13:10:32Z"},
{"company":"Youopia","position":"Staff Accountant IV","jobLocation":"Río Tercero","jobStatus":"declined","jobType":"full-time","createdAt":"2022-07-12T00:04:36Z"},
{"company":"Abata","position":"Analyst Programmer","jobLocation":"Araguari","jobStatus":"declined","jobType":"full-time","createdAt":"2022-09-28T19:05:28Z"},
{"company":"Ntag","position":"Compensation Analyst","jobLocation":"Kowingir","jobStatus":"pending","jobType":"part-time","createdAt":"2023-06-18T08:52:02Z"},
{"company":"Bluejam","position":"Statistician I","jobLocation":"Levallois-Perret","jobStatus":"interview","jobType":"internship","createdAt":"2022-09-28T04:02:05Z"},
{"company":"Skynoodle","position":"Programmer II","jobLocation":"Dallas","jobStatus":"pending","jobType":"part-time","createdAt":"2022-08-03T19:41:57Z"},
{"company":"Zoovu","position":"Occupational Therapist","jobLocation":"Jiaocun","jobStatus":"declined","jobType":"full-time","createdAt":"2023-05-12T08:05:46Z"},
{"company":"Wordware","position":"Associate Professor","jobLocation":"Tanumshede","jobStatus":"declined","jobType":"part-time","createdAt":"2023-01-13T04:42:33Z"},
{"company":"Skippad","position":"Project Manager","jobLocation":"Pantai","jobStatus":"interview","jobType":"internship","createdAt":"2022-07-15T16:38:48Z"},
{"company":"Devbug","position":"Recruiter","jobLocation":"Basen","jobStatus":"declined","jobType":"part-time","createdAt":"2022-07-17T22:42:40Z"},
{"company":"Eabox","position":"Programmer II","jobLocation":"An Lão","jobStatus":"interview","jobType":"part-time","createdAt":"2023-01-08T16:27:44Z"},
{"company":"Thoughtstorm","position":"Occupational Therapist","jobLocation":"Tari","jobStatus":"declined","jobType":"part-time","createdAt":"2023-01-23T03:57:18Z"},
{"company":"Wikido","position":"Recruiting Manager","jobLocation":"Pontian","jobStatus":"interview","jobType":"internship","createdAt":"2022-12-12T08:53:15Z"},
{"company":"Midel","position":"Financial Advisor","jobLocation":"Finspång","jobStatus":"declined","jobType":"part-time","createdAt":"2022-12-19T14:02:56Z"},
{"company":"Dynabox","position":"Human Resources Manager","jobLocation":"Pashiya","jobStatus":"pending","jobType":"internship","createdAt":"2022-09-09T22:32:52Z"},
{"company":"Brainbox","position":"Software Test Engineer III","jobLocation":"Krajan Siki","jobStatus":"pending","jobType":"full-time","createdAt":"2022-08-22T10:10:58Z"},
{"company":"Devbug","position":"Web Designer I","jobLocation":"Baisha","jobStatus":"interview","jobType":"full-time","createdAt":"2022-08-22T10:45:19Z"},
{"company":"Trupe","position":"Geological Engineer","jobLocation":"El Cubolero","jobStatus":"declined","jobType":"internship","createdAt":"2022-12-27T18:49:49Z"},
{"company":"Quire","position":"Safety Technician IV","jobLocation":"Anastácio","jobStatus":"pending","jobType":"part-time","createdAt":"2022-12-23T12:33:46Z"},
{"company":"Jaxnation","position":"Staff Accountant IV","jobLocation":"Delanggu","jobStatus":"pending","jobType":"internship","createdAt":"2023-04-24T17:11:13Z"},
{"company":"Skyble","position":"Internal Auditor","jobLocation":"Pristina","jobStatus":"declined","jobType":"full-time","createdAt":"2023-02-01T05:15:56Z"},
{"company":"Gevee","position":"Sales Representative","jobLocation":"Huineno","jobStatus":"declined","jobType":"internship","createdAt":"2022-10-30T06:45:32Z"},
{"company":"Thoughtmix","position":"Media Manager IV","jobLocation":"Unity","jobStatus":"interview","jobType":"full-time","createdAt":"2022-12-09T15:03:18Z"},
{"company":"Fivespan","position":"Mechanical Systems Engineer","jobLocation":"Sua","jobStatus":"interview","jobType":"internship","createdAt":"2022-09-05T20:44:56Z"},
{"company":"LiveZ","position":"Computer Systems Analyst II","jobLocation":"Huanggong","jobStatus":"declined","jobType":"full-time","createdAt":"2022-09-06T17:06:56Z"},
{"company":"Topicware","position":"Statistician I","jobLocation":"Ngilengan","jobStatus":"pending","jobType":"full-time","createdAt":"2023-04-29T22:25:49Z"},
{"company":"Ntag","position":"VP Quality Control","jobLocation":"Florencia","jobStatus":"declined","jobType":"internship","createdAt":"2022-07-11T05:54:35Z"},
{"company":"Digitube","position":"Senior Sales Associate","jobLocation":"Mibu","jobStatus":"declined","jobType":"internship","createdAt":"2022-09-06T16:24:05Z"},
{"company":"Thoughtbeat","position":"Associate Professor","jobLocation":"Bęczarka","jobStatus":"interview","jobType":"internship","createdAt":"2023-06-08T04:19:45Z"},
{"company":"Mynte","position":"GIS Technical Architect","jobLocation":"Palompon","jobStatus":"interview","jobType":"part-time","createdAt":"2022-11-21T04:11:59Z"},
{"company":"Midel","position":"Business Systems Development Analyst","jobLocation":"Waso","jobStatus":"declined","jobType":"full-time","createdAt":"2023-04-25T23:15:23Z"},
{"company":"Twiyo","position":"Professor","jobLocation":"Cigalontang","jobStatus":"pending","jobType":"full-time","createdAt":"2022-11-29T17:03:56Z"},
{"company":"Meembee","position":"Administrative Officer","jobLocation":"Bavorov","jobStatus":"interview","jobType":"full-time","createdAt":"2023-06-17T05:21:49Z"},
{"company":"Avavee","position":"Safety Technician II","jobLocation":"Merdeka","jobStatus":"declined","jobType":"internship","createdAt":"2022-08-09T23:39:20Z"},
{"company":"Camido","position":"Associate Professor","jobLocation":"Grytviken","jobStatus":"interview","jobType":"full-time","createdAt":"2023-01-05T12:50:09Z"},
{"company":"Skyba","position":"Professor","jobLocation":"Sibubuhan","jobStatus":"declined","jobType":"full-time","createdAt":"2023-03-25T10:56:49Z"},
{"company":"Thoughtmix","position":"Administrative Assistant IV","jobLocation":"Gandu","jobStatus":"declined","jobType":"full-time","createdAt":"2023-04-04T16:19:08Z"},
{"company":"Thoughtbeat","position":"Actuary","jobLocation":"Paris 09","jobStatus":"pending","jobType":"full-time","createdAt":"2022-12-11T09:24:39Z"},
{"company":"Twitterlist","position":"Business Systems Development Analyst","jobLocation":"Dagou","jobStatus":"pending","jobType":"part-time","createdAt":"2022-10-21T10:08:02Z"},
{"company":"Divape","position":"Actuary","jobLocation":"Des Moines","jobStatus":"pending","jobType":"internship","createdAt":"2023-05-17T05:53:45Z"},
{"company":"Kayveo","position":"Food Chemist","jobLocation":"Tene","jobStatus":"interview","jobType":"part-time","createdAt":"2022-08-07T17:22:15Z"},
{"company":"Jabbersphere","position":"Occupational Therapist","jobLocation":"Jiayuguan","jobStatus":"pending","jobType":"full-time","createdAt":"2023-01-27T07:51:21Z"},
{"company":"Demimbu","position":"Media Manager I","jobLocation":"Navotas","jobStatus":"interview","jobType":"full-time","createdAt":"2022-11-01T08:43:56Z"},
{"company":"Cogilith","position":"Recruiting Manager","jobLocation":"Kemiri","jobStatus":"pending","jobType":"part-time","createdAt":"2023-05-17T21:01:01Z"},
{"company":"Dabtype","position":"Pharmacist","jobLocation":"Barranquilla","jobStatus":"declined","jobType":"internship","createdAt":"2022-11-25T10:11:06Z"},
{"company":"Twitterwire","position":"Programmer Analyst II","jobLocation":"Jangkungkusumo","jobStatus":"declined","jobType":"internship","createdAt":"2022-11-09T19:12:11Z"},
{"company":"Oba","position":"Human Resources Assistant III","jobLocation":"Fontaínhas","jobStatus":"declined","jobType":"internship","createdAt":"2023-04-04T00:06:28Z"},
{"company":"Oloo","position":"Senior Financial Analyst","jobLocation":"Cabeças Verdes","jobStatus":"declined","jobType":"internship","createdAt":"2023-05-22T08:15:39Z"},
{"company":"Edgewire","position":"Electrical Engineer","jobLocation":"Jianping","jobStatus":"declined","jobType":"full-time","createdAt":"2022-12-18T09:50:49Z"},
{"company":"Zazio","position":"Chemical Engineer","jobLocation":"Linköping","jobStatus":"interview","jobType":"internship","createdAt":"2023-07-04T09:45:27Z"},
{"company":"Linkbuzz","position":"Research Nurse","jobLocation":"Nytva","jobStatus":"declined","jobType":"internship","createdAt":"2022-12-28T03:53:15Z"},
{"company":"Skyndu","position":"Senior Sales Associate","jobLocation":"Kendung Timur","jobStatus":"declined","jobType":"full-time","createdAt":"2023-06-22T21:37:51Z"},
{"company":"Livetube","position":"General Manager","jobLocation":"Tegarenkrajan","jobStatus":"declined","jobType":"part-time","createdAt":"2023-02-26T14:53:31Z"},
{"company":"Babbleopia","position":"Health Coach I","jobLocation":"Huancheng","jobStatus":"interview","jobType":"full-time","createdAt":"2023-05-02T06:19:25Z"},
{"company":"Dabjam","position":"Dental Hygienist","jobLocation":"Trpinja","jobStatus":"declined","jobType":"internship","createdAt":"2023-02-17T01:35:08Z"},
{"company":"Tazz","position":"Project Manager","jobLocation":"Caacupé","jobStatus":"declined","jobType":"full-time","createdAt":"2023-03-20T22:34:44Z"},
{"company":"Meejo","position":"Registered Nurse","jobLocation":"Santa Fé do Sul","jobStatus":"declined","jobType":"full-time","createdAt":"2023-05-02T03:44:18Z"},
{"company":"Omba","position":"Geologist III","jobLocation":"Biliri","jobStatus":"pending","jobType":"part-time","createdAt":"2022-09-29T04:05:34Z"},
{"company":"Thoughtstorm","position":"Design Engineer","jobLocation":"Damu","jobStatus":"pending","jobType":"full-time","createdAt":"2022-11-08T17:01:10Z"},
{"company":"Voolith","position":"General Manager","jobLocation":"Kuala Terengganu","jobStatus":"declined","jobType":"full-time","createdAt":"2023-01-31T11:40:44Z"},
{"company":"Wordpedia","position":"Software Consultant","jobLocation":"Ashibetsu","jobStatus":"declined","jobType":"part-time","createdAt":"2022-08-03T14:48:48Z"},
{"company":"Gevee","position":"Clinical Specialist","jobLocation":"Wujiashan","jobStatus":"interview","jobType":"part-time","createdAt":"2023-07-08T07:21:54Z"},
{"company":"Twitterlist","position":"Operator","jobLocation":"Mikhaylovsk","jobStatus":"pending","jobType":"part-time","createdAt":"2023-03-22T17:42:55Z"},
{"company":"Tekfly","position":"Research Assistant I","jobLocation":"Patarrá","jobStatus":"pending","jobType":"internship","createdAt":"2023-03-23T14:17:24Z"},
{"company":"Plambee","position":"Analog Circuit Design manager","jobLocation":"Les Coteaux","jobStatus":"declined","jobType":"internship","createdAt":"2022-11-24T07:53:51Z"},
{"company":"Roombo","position":"Community Outreach Specialist","jobLocation":"Yanglinshi","jobStatus":"interview","jobType":"part-time","createdAt":"2023-05-30T07:03:17Z"},
{"company":"Abata","position":"Account Representative II","jobLocation":"Shixi","jobStatus":"declined","jobType":"part-time","createdAt":"2023-03-27T22:14:04Z"},
{"company":"Layo","position":"Junior Executive","jobLocation":"Ikongo","jobStatus":"interview","jobType":"full-time","createdAt":"2022-09-24T20:05:33Z"},
{"company":"DabZ","position":"Staff Accountant I","jobLocation":"Mandiana","jobStatus":"declined","jobType":"full-time","createdAt":"2023-04-14T09:42:11Z"},
{"company":"Devify","position":"Operator","jobLocation":"Tabalosos","jobStatus":"declined","jobType":"part-time","createdAt":"2022-10-25T14:23:45Z"},
{"company":"Blognation","position":"Social Worker","jobLocation":"Křenovice","jobStatus":"declined","jobType":"full-time","createdAt":"2023-06-06T18:39:47Z"},
{"company":"Topdrive","position":"Graphic Designer","jobLocation":"Xinquansi","jobStatus":"pending","jobType":"full-time","createdAt":"2022-12-30T23:14:12Z"},
{"company":"Zooxo","position":"Human Resources Assistant III","jobLocation":"Gaotuo","jobStatus":"interview","jobType":"full-time","createdAt":"2022-11-19T04:23:28Z"},
{"company":"Demimbu","position":"Data Coordinator","jobLocation":"Al Buţayḩah","jobStatus":"interview","jobType":"internship","createdAt":"2023-06-12T12:29:54Z"},
{"company":"Zava","position":"Graphic Designer","jobLocation":"Calebasses","jobStatus":"interview","jobType":"internship","createdAt":"2022-08-03T14:02:24Z"},
{"company":"Janyx","position":"Budget/Accounting Analyst I","jobLocation":"Kosino","jobStatus":"interview","jobType":"part-time","createdAt":"2022-09-30T01:02:16Z"}]